{"/api/cloud/get": ["admin"], "/api/cloud/manage": ["admin"], "/api/command": ["admin"], "/api/create_folder": ["admin"], "/api/delete_file": ["admin"], "/api/delete_folder": ["admin"], "/api/download": ["admin"], "/api/finder": ["admin"], "/api/ftp/create_user": ["admin"], "/api/ftp/delete_user": ["admin"], "/api/ftp/edit_user": ["admin"], "/api/ftp/get_users": ["admin"], "/api/ftp/start": ["admin"], "/api/ftp/stop": ["admin"], "/api/get_file": ["admin"], "/api/get_logs": ["admin"], "/api/get_settings": ["admin"], "/api/get_version": ["admin"], "/api/new_file": ["admin"], "/api/rename_file": ["admin"], "/api/rename_folder": ["admin"], "/api/resources": ["admin"], "/api/restart": ["admin"], "/api/role/edit": ["admin"], "/api/role/get": ["admin"], "/api/shutdown": ["admin"], "/api/update": ["admin"], "/api/update_settings": ["admin"], "/api/upload": ["admin"], "/api/user/create": ["admin"], "/api/user/delete": ["admin"], "/api/user/edit": ["admin"], "/api/user/get_all": ["admin"]}